epoch,accuracy,learning_rate,loss,val_accuracy,val_loss
0,0.4882999360561371,0.0005000000237487257,11.462221145629883,0.19138942658901215,12.879374504089355
1,0.5334227681159973,0.0005000000237487257,5.26145076751709,0.18943248689174652,9.45068645477295
